제목,링크 URL,이미지 URL
국립국악원 360 VR 영상: 대취타( Daechwita) 태평소 솔로(Taepyeongso solo) 2,https://youtu.be/cxVOoOtdE2c,https://img.youtube.com/vi/cxVOoOtdE2c/hqdefault.jpg
국립국악원 360 VR 영상: 대취타( Daechwita) 태평소 솔로 (Taepyeongso solo) 1,https://youtu.be/a1YXYCIvNFk,https://img.youtube.com/vi/a1YXYCIvNFk/hqdefault.jpg
"국립국악원 360 VR 영상: 영산회상(Yeongsanhoesang-Piri, Gayageum)",https://youtu.be/CiWCTwcoz9w,https://img.youtube.com/vi/CiWCTwcoz9w/hqdefault.jpg
국립국악원 360 VR 영상: 선정전 춘앵전(Chunaengjeon),https://youtu.be/DmjUwuyIZHM,https://img.youtube.com/vi/DmjUwuyIZHM/hqdefault.jpg
국립국악원 360 VR 영상: 부용지 춘앵전(Chunaengjeon),https://youtu.be/r5bf46YoXxM,https://img.youtube.com/vi/r5bf46YoXxM/hqdefault.jpg
국립국악원 360 VR 영상: 기오헌 춘앵전(Chunaengjeon),https://youtu.be/0nIwD9sIffA,https://img.youtube.com/vi/0nIwD9sIffA/hqdefault.jpg
국립국악원 360 VR 영상: 평시조(Pyeongsijo),https://youtu.be/1hw_S9D1yvg,https://img.youtube.com/vi/1hw_S9D1yvg/hqdefault.jpg
국립국악원 360 VR 영상: 수룡음(Suryongeum),https://youtu.be/IT8MmdZy99Q,https://img.youtube.com/vi/IT8MmdZy99Q/hqdefault.jpg
국립국악원 360 VR 영상: 대풍류(Daepungnyu),https://youtu.be/2aYRGR_oKRg,https://img.youtube.com/vi/2aYRGR_oKRg/hqdefault.jpg
국립국악원 360 VR 영상: 대금 산조 원장현류 (Daegeum Sanjo),https://youtu.be/7ag6K2QRqVY,https://img.youtube.com/vi/7ag6K2QRqVY/hqdefault.jpg
국립국악원 360 VR 영상: 해금 산조 지영희류(Haegeum Sanjo),https://youtu.be/sCOWIqsZ0do,https://img.youtube.com/vi/sCOWIqsZ0do/hqdefault.jpg
국립국악원 360 VR 영상: 거문고산조 한갑득류 (Geomungo Sanjo),https://youtu.be/fUs4QgUndn8,https://img.youtube.com/vi/fUs4QgUndn8/hqdefault.jpg
국립국악원 360 VR 영상: 가야금산조 서공철류 (Gayageum Sanjo),https://youtu.be/LdeCdekknlA,https://img.youtube.com/vi/LdeCdekknlA/hqdefault.jpg
국립국악원 360 VR 영상: 아쟁 산조 윤윤석류(Ajaeng Sanjo),https://youtu.be/TSz_Lp66mBk,https://img.youtube.com/vi/TSz_Lp66mBk/hqdefault.jpg
국립국악원 360 VR 영상: 살풀이 한영숙류 (Salpuri),https://youtu.be/czrF5UfhyRE,https://img.youtube.com/vi/czrF5UfhyRE/hqdefault.jpg
국립국악원 360 VR 영상: 경기민요 '이별가' (Gyeonggi minyo),https://youtu.be/RRyCZDWTH4A,https://img.youtube.com/vi/RRyCZDWTH4A/hqdefault.jpg
"국립국악원 360 VR 영상: 경기민요 긴아리랑,노랫가락 (Gyeonggi minyo)",https://youtu.be/XQBplr3hu7E,https://img.youtube.com/vi/XQBplr3hu7E/hqdefault.jpg
"국립국악원 360 VR 영상: 서도민요 긴난봉가, 자진난봉가(Seodo minyo)",https://youtu.be/b2fIVEr1CfE,https://img.youtube.com/vi/b2fIVEr1CfE/hqdefault.jpg
국립국악원 360VR 영상: 남도민요 흥타령 (Namdo minyo),https://youtu.be/PMrjxbLQPAU,https://img.youtube.com/vi/PMrjxbLQPAU/hqdefault.jpg
국립국악원 360VR 영상: 판소리 수궁가 중 '토끼화상'대목 (Pansori),https://youtu.be/OIoguMCkwJw,https://img.youtube.com/vi/OIoguMCkwJw/hqdefault.jpg
360º VR 영상 : 국립국악원 처용무,https://youtu.be/nD3Lw_nrvCY,https://img.youtube.com/vi/nD3Lw_nrvCY/hqdefault.jpg
360º VR 영상 : 국립국악원 대취타,https://youtu.be/3rvEHfelMB0,https://img.youtube.com/vi/3rvEHfelMB0/hqdefault.jpg
360º VR 영상 : 국립국악원 사물놀이,https://youtu.be/Lzoj_Z7uGII,https://img.youtube.com/vi/Lzoj_Z7uGII/hqdefault.jpg
360º VR 영상 : 국립국악원 승무,https://youtu.be/7Ml6T5v7SvU,https://img.youtube.com/vi/7Ml6T5v7SvU/hqdefault.jpg
360º VR 영상 : 국립국악원 시나위,https://youtu.be/gTAK-O-ENAc,https://img.youtube.com/vi/gTAK-O-ENAc/hqdefault.jpg
360º VR 영상 : 국립국악원 천년만세,https://youtu.be/Lf0Urie7qSI,https://img.youtube.com/vi/Lf0Urie7qSI/hqdefault.jpg
360º VR 영상 : 국립국악원 타령,https://youtu.be/5YT3B50aVNM,https://img.youtube.com/vi/5YT3B50aVNM/hqdefault.jpg
360º VR 영상 : 국립국악원 희문,https://youtu.be/TdEMV_olSbM,https://img.youtube.com/vi/TdEMV_olSbM/hqdefault.jpg
360º VR 영상 : 국립국악원 소고춤(최종실류),https://youtu.be/0MrXQ1uiTss,https://img.youtube.com/vi/0MrXQ1uiTss/hqdefault.jpg
360º VR 영상 : 국립국악원 판굿,https://youtu.be/KeygXsRHgGQ,https://img.youtube.com/vi/KeygXsRHgGQ/hqdefault.jpg
360º VR 영상 : 국립국악원 부채춤,https://youtu.be/Cw7M6omUK8w,https://img.youtube.com/vi/Cw7M6omUK8w/hqdefault.jpg
360º VR 영상 : 국립국악원 장구춤(조흥동류),https://youtu.be/gZts5eU1EPE,https://img.youtube.com/vi/gZts5eU1EPE/hqdefault.jpg
360º VR 영상 : 국립부산국악원 강태홍류 산조중주,https://youtu.be/fIw-DL7Fisg,https://img.youtube.com/vi/fIw-DL7Fisg/hqdefault.jpg
360º VR 영상 : 국립부산국악원 금회북춤,https://youtu.be/uL9FSdoSi2o,https://img.youtube.com/vi/uL9FSdoSi2o/hqdefault.jpg
360º VR 영상 : 국립부산국악원 대취타,https://youtu.be/rWGYgMRUBBo,https://img.youtube.com/vi/rWGYgMRUBBo/hqdefault.jpg
360º VR 영상 : 국립부산국악원 동래학춤,https://youtu.be/FXD27Nrz3CU,https://img.youtube.com/vi/FXD27Nrz3CU/hqdefault.jpg
360º VR 영상 : 국립부산국악원 사물놀이,https://youtu.be/FCVjf_FTJ3E,https://img.youtube.com/vi/FCVjf_FTJ3E/hqdefault.jpg
360º VR 영상 : 국립부산국악원 수제천,https://youtu.be/duiGVd_EjcE,https://img.youtube.com/vi/duiGVd_EjcE/hqdefault.jpg
360º VR 영상 : 국립부산국악원 무을판굿,https://youtu.be/23Y-M8s-AJE,https://img.youtube.com/vi/23Y-M8s-AJE/hqdefault.jpg
360º VR 영상 : 국립부산국악원 민요(악기소개),https://youtu.be/OCHlWlkWm2s,https://img.youtube.com/vi/OCHlWlkWm2s/hqdefault.jpg
360º VR 영상 : 국립부산국악원 진주검무,https://youtu.be/FMzpcMRc0ZQ,https://img.youtube.com/vi/FMzpcMRc0ZQ/hqdefault.jpg
360º VR 영상 : 국립민속국악원 설장구춤,https://youtu.be/GngRnhxanEw,https://img.youtube.com/vi/GngRnhxanEw/hqdefault.jpg
360º VR 영상 : 국립민속국악원 산조춤,https://youtu.be/k28oaiOljno,https://img.youtube.com/vi/k28oaiOljno/hqdefault.jpg
360º VR 영상 : 국립민속국악원 시나위,https://youtu.be/RUVPvhRCop4,https://img.youtube.com/vi/RUVPvhRCop4/hqdefault.jpg
360º VR 영상 : 국립민속국악원 춘향가 중 '사랑가',https://youtu.be/n6-xJLd2PF0,https://img.youtube.com/vi/n6-xJLd2PF0/hqdefault.jpg
360º VR 영상 : 국립민속국악원 춘향가 중 '어사상봉막',https://youtu.be/Z7KWFKtLMBk,https://img.youtube.com/vi/Z7KWFKtLMBk/hqdefault.jpg
360º VR 영상 : 국립민속국악원 판굿,https://youtu.be/LFNjUfDWLhA,https://img.youtube.com/vi/LFNjUfDWLhA/hqdefault.jpg
360º VR 영상 : 국립민속국악원 삼도풍물가락,https://youtu.be/Xx-KF308ywk,https://img.youtube.com/vi/Xx-KF308ywk/hqdefault.jpg
360º VR 영상 : 국립민속국악원 진도아리랑,https://youtu.be/tHZqJ_fuEq0,https://img.youtube.com/vi/tHZqJ_fuEq0/hqdefault.jpg
360º VR 영상 : 국립민속국악원 산조합주,https://youtu.be/drFydQa1Kuo,https://img.youtube.com/vi/drFydQa1Kuo/hqdefault.jpg
360º VR 영상 : 국립남도국악원 강강술래,https://youtu.be/qSzS1gh5ymw,https://img.youtube.com/vi/qSzS1gh5ymw/hqdefault.jpg
360º VR 영상 : 국립남도국악원 사물놀이(악기소개),https://youtu.be/nZ_cZv1O2_k,https://img.youtube.com/vi/nZ_cZv1O2_k/hqdefault.jpg
360º VR 영상 : 국립남도국악원 산조합주,https://youtu.be/KTcQHc0S42s,https://img.youtube.com/vi/KTcQHc0S42s/hqdefault.jpg
360º VR 영상 : 국립남도국악원 씻김굿 '지전춤',https://youtu.be/4A7NK8b3LLM,https://img.youtube.com/vi/4A7NK8b3LLM/hqdefault.jpg
360º VR 영상 : 국립남도국악원 씻김굿 '길닦음',https://youtu.be/6BOsluf9F4s,https://img.youtube.com/vi/6BOsluf9F4s/hqdefault.jpg
360º VR 영상 : 국립남도국악원 씻김굿 '씻김',https://youtu.be/fd2UU34327g,https://img.youtube.com/vi/fd2UU34327g/hqdefault.jpg
360º VR 영상 : 국립남도국악원 진도북춤,https://youtu.be/EQLxPxUkhJM,https://img.youtube.com/vi/EQLxPxUkhJM/hqdefault.jpg
360º VR 영상 : 국립남도국악원 진도아리랑(악기소개),https://youtu.be/F--y4c5Zaz4,https://img.youtube.com/vi/F--y4c5Zaz4/hqdefault.jpg
360º VR 영상 : 국립남도국악원 판굿,https://youtu.be/fhJZuHgSgGE,https://img.youtube.com/vi/fhJZuHgSgGE/hqdefault.jpg
